{"cameraMode":{"drawMode":0,"name":"Shaded","section":"Shading Mode"},"sceneLighting":true,"audioPlay":false,"sceneViewState":{"m_AlwaysRefresh":false,"showFog":true,"showSkybox":false,"showFlares":true,"showImageEffects":true,"showParticleSystems":true,"showVisualEffectGraphs":true,"m_FxEnabled":true},"in2DMode":false,"pivot":{"x":-0.38406822085380556,"y":-0.6907188892364502,"z":0.49257564544677737},"rotation":{"x":0.3620615005493164,"y":0.009787391871213913,"z":-0.003801817074418068,"w":0.9320951104164124},"size":4.554530620574951,"orthographic":false}