{"cameraMode":{"drawMode":0,"name":"Shaded","section":"Shading Mode"},"sceneLighting":true,"audioPlay":false,"sceneViewState":{"m_AlwaysRefresh":false,"showFog":true,"showSkybox":false,"showFlares":true,"showImageEffects":true,"showParticleSystems":true,"showVisualEffectGraphs":true,"m_FxEnabled":true},"in2DMode":false,"pivot":{"x":-0.27659907937049868,"y":0.0026764869689941408,"z":1.7044544219970704},"rotation":{"x":0.2565682828426361,"y":-0.014497215859591961,"z":0.0038487883284687998,"w":0.9664100408554077},"size":3.3545305728912355,"orthographic":false}